name,type,type_certain,source_name,source_file,format,activity,date,length_km,vertices
Popondetta to Anatua Road,Road,True,Track Infinity,Popondetta_to_Anatua_Road.kmz,kmz,,,150.97,2088
Road Track - Popondetta to Sakarina Junction (seg 2),Road,True,"Road Track - Popondetta to Sakarina Junction, 2025-07-04 10:48",Roads_Popondetta_to_Afore.gpx,gpx,walking,2025-07-04,148.55,2058
Itokama to Afore Road (seg 1),Road,True,Itokama to Afore Road 2025-10-06 13:29,Roads_Popondetta_to_Afore.gpx,gpx,walking,2025-07-04,46.93,1326
Jorua to Girua Track,Village-to-village track,True,Jorua to Girua Track,Jorua_to_Girua_Track.kmz,kmz,,,40.88,3147
Gadzot Road,Road,True,Saved Track 2025-11-16 14:06,Gadzot_Road.gpx,gpx,walking,2025-11-16,29.47,726
road track save (seg 3),Road,True,road track save 2025-10-05 12:05,Roads_Popondetta_to_Afore.gpx,gpx,walking,2025-07-04,27.87,618
David's track record from Jorura to Afore,Village-to-village track,True,David's track record from Jorura to Afore.,Jorura_to_Afore_Davids_track_record.kmz,kmz,,,23.11,1782
David Jajiba's : Track recording from Gora to Jorura,Village-to-village track,True,David Jajiba's : Track recording from Gora to Jorura.,Gora_to_Jorura_David_Jajibas_Track_recording.kmz,kmz,,,16.25,1350
David Jajiba's : Track recording from Gora to Jorura (seg 86),Village-to-village track,True,David Jajiba's : Track recording from Gora to Jorura.,russell_muraba_track_record_july_10_july_31.gpkg,gpkg,,,16.25,1350
Cropping Calendar Survey Track to Kuhara,Garden / survey track,True,Cropping Calendar Survey Track to Kuhara 2025-12-12 06:12,Kaura_to_Numba_then_to_Kuhara_Kuhara_2025-12-12_06-12.gpx,gpx,walking,2025-12-12,16.21,1435
Track to Kuhara (seg 94),Village-to-village track,True,Track to Kuhara 2025-12-12 06:12,russell_muraba_track_record_july_10_july_31.gpkg,gpkg,,,16.21,1435
Kiara to Grid 63 and back,Garden / survey track,False,Kiara to Grid 63 and back,Kiara_to_Grid_63_and_back.gpx,gpx,walking,2026-04-18,15.87,1439
Numba to Koeno track and road to Afore,Road,True,Numba to Koeno track and road to Afore,Numba_to_Koeno_track_and_road_to_Afore.gpx,gpx,walking,2026-08-28,14.66,403
Semahara to Tabuane track (seg 27),Village-to-village track,True,Semahara to Tabuane track,russell_muraba_track_record_july_10_july_31.gpkg,gpkg,,,13.95,1155
Afore Guest house,Garden / survey track,False,Afore Guest house 2026-02-01 09:23,Afore_Guest_house_to_Koruwo_2026-02-01_09-23.gpx,gpx,walking,2026-02-01,11.62,1005
Marase to Gana to Gewoya to Vouka Track (seg 15),Village-to-village track,True,Marase to Gana to Gewoya to Vouka Track,russell_muraba_track_record_july_10_july_31.gpkg,gpkg,,,10.3,780
Biriri to Marese track (seg 19),Village-to-village track,True,Biriri to Marese track,russell_muraba_track_record_july_10_july_31.gpkg,gpkg,,,10.13,853
Vouka to Biriri Village track (seg 18),Village-to-village track,True,Vouka to Biriri Village track,russell_muraba_track_record_july_10_july_31.gpkg,gpkg,,,9.74,803
Marase to Vouka village (seg 16),Village-to-village track,True,Marase to Vouka village,russell_muraba_track_record_july_10_july_31.gpkg,gpkg,,,9.62,805
Davids_track_record_from_Itokama_to_Umuate,Village-to-village track,True,Davids_track_record_from_Itokama_to_Umuate.,Itokama_to_Umuate_Davids_track_record.kmz,kmz,,,9.51,756
Koruwo to Anatua 1,Village-to-village track,True,2026-02-01 15:22,Korouwo_to_Anatua_via_Bodoimo_2026-02-01_15-22.gpx,gpx,walking,2026-02-01,9.14,747
Water Source,Garden / survey track,False,Water Source 2026-02-02 11:19,Koruwo_to_Bodoimo_to_Anatua_2026-02-02_11-19.gpx,gpx,walking,2026-02-02,9.04,755
Track from Kaura to Sigara Village,Village-to-village track,True,Track from Kaura to Sigara Village 2026-02-17 07:08,Kaura_to_Sigara_Village_2026-02-17_07-08.gpx,gpx,walking,2026-02-17,8.11,757
Bareji River (seg 76),Village-to-village track,True,Bareji River,russell_muraba_track_record_july_10_july_31.gpkg,gpkg,,,8.01,658
Sila Junction (seg 13),Village-to-village track,True,Sila Junction,russell_muraba_track_record_july_10_july_31.gpkg,gpkg,,,7.97,687
Natanga to Koruwo track (seg 56),Village-to-village track,True,Natanga to Koruwo track,russell_muraba_track_record_july_10_july_31.gpkg,gpkg,,,7.94,628
russell muraba track record july 10 july (seg 31),Village-to-village track,True,2026-07-11 06:47,russell_muraba_track_record_july_10_july_31.gpkg,gpkg,,,7.91,651
Dareki - Bioi - Kuhienei Track (seg 9),Village-to-village track,True,Dareki - Bioi - Kuhienei Track,russell_muraba_track_record_july_10_july_31.gpkg,gpkg,,,7.66,632
Siribu Bush Track (seg 2),Village-to-village track,True,Siribu Bush Track,russell_muraba_track_record_july_10_july_31.gpkg,gpkg,,,6.44,515
Road 3 Junction (seg 24),Road,True,Road 3 Junction,russell_muraba_track_record_july_10_july_31.gpkg,gpkg,,,5.63,436
2026-06-29_15-34_Kawowoki_-_Kuhene_bush_treck_-_Marase_-_Ombara,Village-to-village track,True,2026-06-29_15-34_Kawowoki_-_Kuhene_bush_treck_-_Marase_-_Ombara,Kawowoki_-_Kuhene_bush_treck_-_Marase_-_Umbara_2026-06-29_15-34_.kml,kml,,,5.34,408
Zone six Cropping Calendar Survey Track,Garden / survey track,True,Zone six Cropping Calendar Survey Track,Koeno_to_Numba_then_to_Kaura.gpx,gpx,walking,2025-12-08,5.34,467
Cropping Calander Survey Track from Kaura to Kuhara,Garden / survey track,True,Cropping Calander Survey Track from Kaura to Kuhara 2025-12-09 08:25,Kaura_to_Koeno_2025-12-09_08-25.gpx,gpx,walking,2025-12-09,5.0,424
Track leading to Bubire hamlet and to Afore village (seg 62),Village-to-village track,True,Track leading to Bubire hamlet and to Afore village,russell_muraba_track_record_july_10_july_31.gpkg,gpkg,,,4.48,382
russell muraba track record july 10 july (seg 54),Village-to-village track,True,2026-07-18 10:00,russell_muraba_track_record_july_10_july_31.gpkg,gpkg,,,4.47,362
russell muraba track record july 10 july (seg 43),Village-to-village track,True,2026-07-15 16:24,russell_muraba_track_record_july_10_july_31.gpkg,gpkg,,,4.33,326
russell muraba track record july 10 july (seg 39),Village-to-village track,True,2026-07-15 08:02,russell_muraba_track_record_july_10_july_31.gpkg,gpkg,,,3.98,279
Ondoro to Ombara Track (seg 70),Village-to-village track,True,Ondoro to Ombara Track,russell_muraba_track_record_july_10_july_31.gpkg,gpkg,,,3.94,331
Kuhienei to Mate track (seg 68),Village-to-village track,True,Kuhienei to Mate track,russell_muraba_track_record_july_10_july_31.gpkg,gpkg,,,3.57,278
Cropping Calendar Survey Track 2 from Kuhara Village to Kaura,Garden / survey track,True,"Cropping Calendar Survey 
Track 2 from Kuhara Village to Kaura 2025-12-17 09:16",Kuhara_Village_to_Kaura_2025-12-17_09-16.gpx,gpx,walking,2025-12-17,3.45,18
russell muraba track record july 10 july (seg 20),Village-to-village track,True,2026-07-07 12:48,russell_muraba_track_record_july_10_july_31.gpkg,gpkg,,,3.29,269
Bua Junction Track (seg 26),Village-to-village track,True,Bua Junction Track,russell_muraba_track_record_july_10_july_31.gpkg,gpkg,,,3.25,297
Sila Junction (seg 5),Village-to-village track,True,Sila Junction,russell_muraba_track_record_july_10_july_31.gpkg,gpkg,,,3.07,264
russell muraba track record july 10 july (seg 83),Village-to-village track,True,2026-07-30 12:43,russell_muraba_track_record_july_10_july_31.gpkg,gpkg,,,3.05,256
Afore to Sankose (seg 32),Village-to-village track,True,Afore to Sankose,russell_muraba_track_record_july_10_july_31.gpkg,gpkg,,,3.04,268
Road 2 junction to Afore Station (seg 23),Road,True,Road 2 junction to Afore Station,russell_muraba_track_record_july_10_july_31.gpkg,gpkg,,,2.99,269
Sila Junction (seg 4),Village-to-village track,True,Sila Junction,russell_muraba_track_record_july_10_july_31.gpkg,gpkg,,,2.95,226
russell muraba track record july 10 july (seg 57),Village-to-village track,True,2026-07-19 08:53,russell_muraba_track_record_july_10_july_31.gpkg,gpkg,,,2.86,218
russell muraba track record july 10 july (seg 45),Village-to-village track,True,2026-07-16 16:53,russell_muraba_track_record_july_10_july_31.gpkg,gpkg,,,2.8,241
"Track from Vereyame connect's Yoivi, Aguido Primary School and Kuheine",Village-to-village track,True,"Track from Vereyame connect's Yoivi, Aguido Primary School and Kuheine","Vereyame_connects_Yoivi,_Aguido_Primary_School_and_Kuheine.gpx",gpx,walking,2026-02-18,2.8,243
Toma Community School (seg 77),Village-to-village track,True,Toma Community School,russell_muraba_track_record_july_10_july_31.gpkg,gpkg,,,2.77,259
Kororoko Village to Semahara & Tahama Village Junction (seg 66),Village-to-village track,True,Kororoko Village to Semahara & Tahama Village Junction,russell_muraba_track_record_july_10_july_31.gpkg,gpkg,,,2.73,216
Road 1 Junction (seg 44),Road,True,Road 1 Junction,russell_muraba_track_record_july_10_july_31.gpkg,gpkg,,,2.67,228
Track leading to Tahama (seg 67),Village-to-village track,True,Track leading to Tahama,russell_muraba_track_record_july_10_july_31.gpkg,gpkg,,,2.64,223
russell muraba track record july 10 july (seg 81),Village-to-village track,True,2026-07-29 15:41,russell_muraba_track_record_july_10_july_31.gpkg,gpkg,,,2.63,236
Munbon track to Toma (seg 82),Village-to-village track,True,Munbon track to Toma,russell_muraba_track_record_july_10_july_31.gpkg,gpkg,,,2.61,188
Kawowoki to Awaru track (seg 38),Village-to-village track,True,Kawowoki to Awaru track,russell_muraba_track_record_july_10_july_31.gpkg,gpkg,,,2.42,185
Track to Jorura Village (seg 58),Village-to-village track,True,Track to Jorura Village,russell_muraba_track_record_july_10_july_31.gpkg,gpkg,,,2.39,202
Track from Bioi village to Omajeap main road,Village-to-village track,False,Track from Bioi village to Omajeap main road,Bioi_village_to_Omajeap_main_road.gpx,gpx,walking,2026-02-18,2.32,202
Track from Turatan to Bioi village,Village-to-village track,True,Track from Turatan to Bioi village,Turatan_to_Bioi_village.gpx,gpx,walking,2026-02-18,2.3,200
Kuhienei hamlet to Marase track (seg 10),Village-to-village track,True,Kuhienei hamlet to Marase track,russell_muraba_track_record_july_10_july_31.gpkg,gpkg,,,2.27,180
Kweno to Sakarina track (seg 41),Village-to-village track,True,Kweno to Sakarina track,russell_muraba_track_record_july_10_july_31.gpkg,gpkg,,,2.22,177
Track to Semahara (seg 33),Village-to-village track,True,Track to Semahara,russell_muraba_track_record_july_10_july_31.gpkg,gpkg,,,2.19,169
russell muraba track record july 10 july (seg 37),Village-to-village track,True,2026-07-14 13:13,russell_muraba_track_record_july_10_july_31.gpkg,gpkg,,,2.07,160
End of Siribu Village (seg 3),Village-to-village track,True,End of Siribu Village,russell_muraba_track_record_july_10_july_31.gpkg,gpkg,,,1.99,157
Track from Sila Junction to Afore High-school then to Kaura (seg 93),Village-to-village track,True,Track from Sila Junction to Afore High-school then to Kaura,russell_muraba_track_record_july_10_july_31.gpkg,gpkg,,,1.9,35
Track from Koeno to Tabuane (seg 92),Village-to-village track,True,Track from Koeno to Tabuane 2026-02-21 03:20,russell_muraba_track_record_july_10_july_31.gpkg,gpkg,,,1.86,150
Track from Koeno to Tabuane,Village-to-village track,True,Track from Koeno to Tabuane 2026-02-21 03:20,Koeno_to_Tabuane_2026-02-21_03-20.gpx,gpx,walking,2026-02-21,1.86,150
Anatua to Serefuna,Village-to-village track,True,2026-02-04 09:35 Anatua to Serefuna,Anatua_to_Serefuna_2026-02-04_09-35.gpx,gpx,walking,2026-02-04,1.79,162
Umbara to Mate Hamlet Track (seg 69),Village-to-village track,True,Umbara to Mate Hamlet Track,russell_muraba_track_record_july_10_july_31.gpkg,gpkg,,,1.79,154
Short cut to Siribu village (seg 89),Village-to-village track,True,Short cut to Siribu village,russell_muraba_track_record_july_10_july_31.gpkg,gpkg,,,1.78,152
Tabuane to Dea village Main Road (seg 28),Road,True,Tabuane to Dea village Main Road,russell_muraba_track_record_july_10_july_31.gpkg,gpkg,,,1.75,147
Feeder road to Siribu Village (seg 59),Road,True,Feeder road to Siribu Village,russell_muraba_track_record_july_10_july_31.gpkg,gpkg,,,1.73,143
russell muraba track record july 10 july (seg 55),Village-to-village track,True,2026-07-18 11:45,russell_muraba_track_record_july_10_july_31.gpkg,gpkg,,,1.73,150
Anatua-Gadzot-Umbuwara-Track,Village-to-village track,True,Anatua-Gadzot-Umbuwara-Track,Anatua-Gadzot-Umbuwara-Track_001.gpx,gpx,cycling,2026-03-18,1.72,163
Kawowoki track to Semahara (seg 34),Village-to-village track,True,Kawowoki track to Semahara,russell_muraba_track_record_july_10_july_31.gpkg,gpkg,,,1.7,148
russell muraba track record july 10 july (seg 40),Village-to-village track,True,2026-07-15 10:00,russell_muraba_track_record_july_10_july_31.gpkg,gpkg,,,1.54,124
russell muraba track record july 10 july (seg 84),Village-to-village track,True,2026-08-01 14:18,russell_muraba_track_record_july_10_july_31.gpkg,gpkg,,,1.45,122
Track from Kuheine to Dakanatam main road,Village-to-village track,False,Track from Kuheine to Dakanatam main road,Kuhenei_to_Dakanatam_main_road.gpx,gpx,walking,2026-02-18,1.44,131
Baraja River (seg 1),Village-to-village track,True,Baraja River,russell_muraba_track_record_july_10_july_31.gpkg,gpkg,,,1.38,108
russell muraba track record july 10 july (seg 71),Village-to-village track,True,2026-07-24 11:20,russell_muraba_track_record_july_10_july_31.gpkg,gpkg,,,1.36,118
Trail to Umbara village (seg 11),Village-to-village track,True,Trail to Umbara village,russell_muraba_track_record_july_10_july_31.gpkg,gpkg,,,1.34,105
russell muraba track record july 10 july (seg 74),Village-to-village track,True,2026-07-27 15:59,russell_muraba_track_record_july_10_july_31.gpkg,gpkg,,,1.28,108
russell muraba track record july 10 july (seg 35),Village-to-village track,True,2026-07-14 11:42,russell_muraba_track_record_july_10_july_31.gpkg,gpkg,,,1.24,105
russell muraba track record july 10 july (seg 72),Village-to-village track,True,2026-07-25 08:30,russell_muraba_track_record_july_10_july_31.gpkg,gpkg,,,1.22,95
Sakarina – Numba – Kaura (seg 1),Village-to-village track,True,HBMS - 1108025Z6,Sakarina-Numba-Kaura.gpkg,gpkg,walking,,1.22,45
russell muraba track record july 10 july (seg 47),Village-to-village track,True,2026-07-17 10:19,russell_muraba_track_record_july_10_july_31.gpkg,gpkg,,,1.2,100
Yoivi junction to Yoivi village (seg 14),Village-to-village track,True,Yoivi junction to Yoivi village,russell_muraba_track_record_july_10_july_31.gpkg,gpkg,,,1.18,84
russell muraba track record july 10 july (seg 52),Village-to-village track,True,2026-07-18 08:30,russell_muraba_track_record_july_10_july_31.gpkg,gpkg,,,1.17,84
Sakarina – Numba – Kaura (seg 4),Village-to-village track,True,HBMS - 1108025Z6,Sakarina-Numba-Kaura.gpkg,gpkg,walking,,1.1,56
Heniah (seg 6),Village-to-village track,True,Heniah,russell_muraba_track_record_july_10_july_31.gpkg,gpkg,,,1.06,101
Sakarina – Numba – Kaura (seg 6),Village-to-village track,True,HBMS - 1108025Z6,Sakarina-Numba-Kaura.gpkg,gpkg,walking,,1.05,31
Alternate Track from Sapal Creek to Road 3 (seg 25),Road,True,Alternate Track from Sapal Creek to Road 3,russell_muraba_track_record_july_10_july_31.gpkg,gpkg,,,1.05,90
russell muraba track record july 10 july (seg 8),Village-to-village track,True,2026-01-28 12:08,russell_muraba_track_record_july_10_july_31.gpkg,gpkg,,,0.91,83
russell muraba track record july 10 july (seg 12),Village-to-village track,True,2026-07-01 11:26,russell_muraba_track_record_july_10_july_31.gpkg,gpkg,,,0.81,64
russell muraba track record july 10 july (seg 79),Village-to-village track,True,2026-07-29 11:03,russell_muraba_track_record_july_10_july_31.gpkg,gpkg,,,0.76,71
russell muraba track record july 10 july (seg 22),Village-to-village track,True,2026-07-07 16:30,russell_muraba_track_record_july_10_july_31.gpkg,gpkg,,,0.63,52
Sivurana village (seg 7),Village-to-village track,True,Sivurana village,russell_muraba_track_record_july_10_july_31.gpkg,gpkg,,,0.61,58
russell muraba track record july 10 july (seg 42),Village-to-village track,True,2026-07-15 12:06,russell_muraba_track_record_july_10_july_31.gpkg,gpkg,,,0.59,48
Alternate trail (seg 17),Village-to-village track,True,Alternate trail,russell_muraba_track_record_july_10_july_31.gpkg,gpkg,,,0.55,41
Track to Afore Village (seg 65),Village-to-village track,True,Track to Afore Village,russell_muraba_track_record_july_10_july_31.gpkg,gpkg,,,0.49,43
russell muraba track record july 10 july (seg 78),Village-to-village track,True,2026-07-29 10:09,russell_muraba_track_record_july_10_july_31.gpkg,gpkg,,,0.49,46
Sakarina – Numba – Kaura (seg 3),Village-to-village track,True,HBMS - 1108025Z6,Sakarina-Numba-Kaura.gpkg,gpkg,walking,,0.48,23
Track from Awaru to Sigara Road,Village-to-village track,False,Track from Awaru to Sigara Road 2026-02-19 14:22,Awaru_to_Sigara_Road_2026-02-19_14-22.gpx,gpx,walking,2026-02-19,0.45,44
russell muraba track record july 10 july (seg 85),Village-to-village track,True,2026-08-01 15:10,russell_muraba_track_record_july_10_july_31.gpkg,gpkg,,,0.42,40
russell muraba track record july 10 july (seg 50),Village-to-village track,True,2026-07-17 12:24,russell_muraba_track_record_july_10_july_31.gpkg,gpkg,,,0.4,36
russell muraba track record july 10 july (seg 61),Village-to-village track,True,2026-07-19 13:51,russell_muraba_track_record_july_10_july_31.gpkg,gpkg,,,0.38,34
russell muraba track record july 10 july (seg 60),Village-to-village track,True,2026-07-19 11:47,russell_muraba_track_record_july_10_july_31.gpkg,gpkg,,,0.35,26
russell muraba track record july 10 july (seg 21),Village-to-village track,True,2026-07-07 16:22,russell_muraba_track_record_july_10_july_31.gpkg,gpkg,,,0.34,26
Sakarina – Numba – Kaura (seg 5),Village-to-village track,True,HBMS - 1108025Z6,Sakarina-Numba-Kaura.gpkg,gpkg,walking,,0.32,11
russell muraba track record july 10 july (seg 46),Village-to-village track,True,2026-07-17 08:29,russell_muraba_track_record_july_10_july_31.gpkg,gpkg,,,0.32,26
russell muraba track record july 10 july (seg 73),Village-to-village track,True,2026-07-25 10:27,russell_muraba_track_record_july_10_july_31.gpkg,gpkg,,,0.21,17
russell muraba track record july 10 july (seg 49),Village-to-village track,True,2026-07-17 11:13,russell_muraba_track_record_july_10_july_31.gpkg,gpkg,,,0.19,16
russell muraba track record july 10 july (seg 80),Village-to-village track,True,2026-07-29 13:55,russell_muraba_track_record_july_10_july_31.gpkg,gpkg,,,0.15,14
russell muraba track record july 10 july (seg 51),Village-to-village track,True,2026-07-18 08:26,russell_muraba_track_record_july_10_july_31.gpkg,gpkg,,,0.13,11
Sakarina – Numba – Kaura (seg 2),Village-to-village track,True,HBMS - 1108025Z6,Sakarina-Numba-Kaura.gpkg,gpkg,walking,,0.12,7
russell muraba track record july 10 july (seg 53),Village-to-village track,True,2026-07-18 09:25,russell_muraba_track_record_july_10_july_31.gpkg,gpkg,,,0.1,11
russell muraba track record july 10 july (seg 75),Village-to-village track,True,2026-07-27 17:24,russell_muraba_track_record_july_10_july_31.gpkg,gpkg,,,0.1,10
russell muraba track record july 10 july (seg 29),Village-to-village track,True,2026-07-10 17:14,russell_muraba_track_record_july_10_july_31.gpkg,gpkg,,,0.09,8
russell muraba track record july 10 july (seg 36),Village-to-village track,True,2026-07-14 12:48,russell_muraba_track_record_july_10_july_31.gpkg,gpkg,,,0.04,5
russell muraba track record july 10 july (seg 48),Village-to-village track,True,2026-07-17 11:05,russell_muraba_track_record_july_10_july_31.gpkg,gpkg,,,0.04,5
russell muraba track record july 10 july (seg 64),Village-to-village track,True,2026-07-21 13:17,russell_muraba_track_record_july_10_july_31.gpkg,gpkg,,,0.02,3
russell muraba track record july 10 july (seg 63),Village-to-village track,True,2026-07-21 11:22,russell_muraba_track_record_july_10_july_31.gpkg,gpkg,,,0.02,3
russell muraba track record july 10 july (seg 30),Village-to-village track,True,2026-07-10 17:56,russell_muraba_track_record_july_10_july_31.gpkg,gpkg,,,0.01,2
