route_id,leg,category,as_written,from_place,to_place,from_resolved,to_resolved,status,detail,straight_km,route_km,detour_ratio,from_off_network_m,to_off_network_m,ambiguous_name,multi_day,name_evidence
F01,F01.1,foot,Koruwo-Umbuara-Anatua1-Anatua2,Koruwo,Umbuara,Koruwo,Umbuara,recorded,routes in 6.6 km vs 4.5 km straight,4.48,6.63,1.48,53.0,1.0,,,
F01,F01.2,foot,Koruwo-Umbuara-Anatua1-Anatua2,Umbuara,Anatua,Umbuara,Anatua,recorded,routes in 2.4 km vs 2.2 km straight,2.25,2.42,1.08,1.0,27.0,,,
F02,F02.1,foot,Tahama-Toma,Tahama,Toma,Semahara Tahama,Toma,partial,both ends on the network but only linked the long way round (14.8 km for 7.1 km straight) - the direct track is not recorded,7.08,14.83,2.09,3.0,399.0,,,
F03,F03.1,foot,Avaru-Sigara-Emo,Avaru,Sigara,Awaru,Sigara,partial,both ends on the network but only linked the long way round (14.8 km for 5.8 km straight) - the direct track is not recorded,5.85,14.85,2.54,413.0,1.0,,,
F03,F03.2,foot,Avaru-Sigara-Emo,Sigara,Emo,Sigara,Emo,partial,"Sigara end is on the network, Emo is 0.9 km off it",10.63,54.68,5.14,1.0,896.0,,,
F04,F04.1,foot,Numba-Aputuara - Banderi,Numba,Aputuara,Numba,,unlocated,no position for Aputuara,,,,,,,,
F04,F04.2,foot,Numba-Aputuara - Banderi,Aputuara,Banderi,,Banderi,unlocated,no position for Aputuara,,,,,,,,
F05,F05.1,foot,Bioi-Dareki-Sigara,Bioi,Dareki,Bioi,Dareki,partial,both ends on the network but only linked the long way round (7.6 km for 1.5 km straight) - the direct track is not recorded,1.52,7.62,5.02,3.0,0.0,,,Dareki - Bioi - Kuhienei Track (seg 9)
F05,F05.2,foot,Bioi-Dareki-Sigara,Dareki,Sigara,Dareki,Sigara,partial,both ends on the network but only linked the long way round (33.6 km for 6.6 km straight) - the direct track is not recorded,6.56,33.62,5.12,0.0,1.0,,,
F06,F06.1,foot,Dareki-Kawowoki,Dareki,Kawowoki,Dareki,Kawowoki,recorded,routes in 5.8 km vs 4.4 km straight,4.35,5.78,1.33,0.0,3.0,,,
F07,F07.1,foot,Avaru-Dareki,Avaru,Dareki,Awaru,Dareki,partial,both ends on the network but only linked the long way round (27.1 km for 5.1 km straight) - the direct track is not recorded,5.06,27.15,5.36,413.0,0.0,,,
F08,F08.1,foot,Marasi-Biriri,Marasi,Biriri,Marasi,Biriri,recorded,routes in 14.4 km vs 9.1 km straight,9.07,14.44,1.59,2.0,50.0,,,
F09,F09.1,foot,Gora-Popondetta,Gora,Popondetta,Gora,Popondetta,partial,both ends on the network but only linked the long way round (128.5 km for 25.9 km straight) - the direct track is not recorded,25.88,128.53,4.97,0.0,1.0,,yes,
F10,F10.1,foot,Kaura-Sigara,Kaura,Sigara,Kaura,Sigara,recorded,routes in 9.0 km vs 7.0 km straight,7.03,9.05,1.29,19.0,1.0,,,Track from Kaura to Sigara Village
F11,F11.1,foot,Kuai-Anatua-Serepuna,Kuai,Anatua,Kwae,Anatua,recorded,routes in 8.9 km vs 6.1 km straight,6.07,8.88,1.46,451.0,27.0,,,
F11,F11.2,foot,Kuai-Anatua-Serepuna,Anatua,Serepuna,Anatua,Serefuna,recorded,routes in 3.2 km vs 1.9 km straight,1.92,3.18,1.66,27.0,1.0,,,
F12,F12.1,foot,Aniafe -Jaure,Aniafe,Jaure,Aniafe,Jaure,partial,"Aniafe end is on the network, Jaure is 10.2 km off it",14.9,20.23,1.36,1.0,10163.0,,,
F13,F13.1,foot,Toma-Itokama,Toma,Itokama,Toma,Itokama,partial,both ends on the network but only linked the long way round (38.0 km for 14.8 km straight) - the direct track is not recorded,14.83,38.03,2.56,399.0,20.0,,,
F14,F14.1,foot,Kueno-Semahara,Kueno,Semahara,Koeno,Semehara,recorded,routes in 13.4 km vs 8.9 km straight,8.9,13.42,1.51,102.0,26.0,,,
F15,F15.1,foot,Kokoro -Anatua,Kokoro,Anatua,Kokoro,Anatua,recorded,routes in 4.4 km vs 3.0 km straight,2.99,4.42,1.48,31.0,27.0,,,
F16,F16.1,foot,Kaura-Kuhara,Kaura,Kuhara,Kaura,Kuhara,recorded,routes in 0.4 km vs 0.2 km straight,0.24,0.37,1.54,19.0,6.0,12.0 km apart,,Cropping Calendar Survey Track to Kuhara
F17,F17.1,foot,Numba -Umasi-Embi-Warisota,Numba,Umasi,Numba,,unlocated,no position for Umasi,,,,,,,,
F17,F17.2,foot,Numba -Umasi-Embi-Warisota,Umasi,Embi,,Embi,unlocated,no position for Umasi,,,,,,,,
F17,F17.3,foot,Numba -Umasi-Embi-Warisota,Embi,Warisota,Embi,Warisota,partial,"Embi end is on the network, Warisota is 1.6 km off it",1.6,2.02,1.27,56.0,1585.0,,,
F18,F18.1,foot,Afore – Koruwo,Afore,Koruwo,Afore,Koruwo,recorded,routes in 14.3 km vs 9.4 km straight,9.44,14.32,1.52,26.0,53.0,,,Afore Guest house
F19,F19.1,foot,Afore-Siribu,Afore,Siribu,Afore,Siribu,recorded,routes in 17.0 km vs 9.6 km straight,9.6,17.04,1.77,26.0,13.0,,,
F20,F20.1,foot,Numba – Kueno,Numba,Kueno,Numba,Koeno,recorded,routes in 2.0 km vs 1.5 km straight,1.51,1.99,1.32,3.0,102.0,,,
F21,F21.1,foot,Kueno – Tabuane,Kueno,Tabuane,Koeno,Tabuane,recorded,routes in 2.3 km vs 1.7 km straight,1.66,2.3,1.39,102.0,16.0,,,
F22,F22.1,foot,Dea-Siribu-Koruwo,Dea,Siribu,Dea,Siribu,partial,both ends on the network but only linked the long way round (11.3 km for 2.8 km straight) - the direct track is not recorded,2.8,11.32,4.04,8.0,13.0,,,
F22,F22.2,foot,Dea-Siribu-Koruwo,Siribu,Koruwo,Siribu,Koruwo,recorded,routes in 2.8 km vs 2.3 km straight,2.31,2.83,1.23,13.0,53.0,,,
F23,F23.1,foot,Natanga-Kiara-Koruwo,Natanga,Kiara,Natanga,Kiera,recorded,routes in 3.9 km vs 2.9 km straight,2.86,3.86,1.35,3.0,6.0,,,
F23,F23.2,foot,Natanga-Kiara-Koruwo,Kiara,Koruwo,Kiera,Koruwo,partial,both ends on the network but only linked the long way round (9.6 km for 3.1 km straight) - the direct track is not recorded,3.05,9.65,3.16,6.0,53.0,,,
F24,F24.1,foot,Tahama-serepuna,Tahama,Serepuna,Semahara Tahama,Serefuna,partial,both ends on the network but only linked the long way round (23.6 km for 11.0 km straight) - the direct track is not recorded,10.98,23.61,2.15,3.0,1.0,,,
F25,F25.1,foot,Afore-Toma-Biriri-Babarobo-Safia,Afore,Toma,Afore,Toma,recorded,routes in 11.1 km vs 7.6 km straight,7.62,11.07,1.45,26.0,399.0,,,
F25,F25.2,foot,Afore-Toma-Biriri-Babarobo-Safia,Toma,Biriri,Toma,Biriri,partial,both ends on the network but only linked the long way round (31.5 km for 4.3 km straight) - the direct track is not recorded,4.32,31.52,7.3,399.0,50.0,,,
F25,F25.3,foot,Afore-Toma-Biriri-Babarobo-Safia,Biriri,Babarobo,Biriri,Babarobo,partial,"Biriri end is on the network, Babarobo is 14.0 km off it",18.39,41.93,2.28,50.0,14020.0,,,
F25,F25.4,foot,Afore-Toma-Biriri-Babarobo-Safia,Babarobo,Safia,Babarobo,Safia,missing,neither end on the network (14.0 km and 42.4 km off),29.3,56.85,1.94,14020.0,42417.0,,yes,
F26,F26.1,foot,Umuate-Jaure,Umuate,Jaure,Umuate,Jaure,partial,"Umuate end is on the network, Jaure is 10.2 km off it",10.16,10.18,1.0,4.0,10163.0,,,
F27,F27.1,foot,Itokama-Aniafe-Umuate,Itokama,Aniafe,Itokama,Aniafe,recorded,routes in 1.0 km vs 0.8 km straight,0.79,1.0,1.27,20.0,1.0,,,
F27,F27.2,foot,Itokama-Aniafe-Umuate,Aniafe,Umuate,Aniafe,Umuate,recorded,routes in 10.1 km vs 7.1 km straight,7.1,10.08,1.42,1.0,4.0,,,
F28,F28.1,foot,Jorura-Natanga-Gora,Jorura,Natanga,Jorua,Natanga,recorded,routes in 3.1 km vs 2.4 km straight,2.39,3.08,1.29,60.0,3.0,,,
F28,F28.2,foot,Jorura-Natanga-Gora,Natanga,Gora,Natanga,Gora,recorded,routes in 11.9 km vs 9.2 km straight,9.22,11.86,1.29,3.0,0.0,,,
F29,F29.1,foot,Kuai-Tedebedi-Emoriva,Kuai,Tedebedi,Kwae,Tedebedi,partial,"Kwae end is on the network, Tedebedi is 21.0 km off it",21.41,28.59,1.34,451.0,21043.0,,,
F29,F29.2,foot,Kuai-Tedebedi-Emoriva,Tedebedi,Emoriva,Tedebedi,,unlocated,no position for Emoriva,,,,,,,,
F30,F30.1,foot,Aiari-Safia,Aiari,Safia,Aiari,Safia,missing,neither end on the network (9.8 km and 42.4 km off),53.67,116.01,2.16,9761.0,42417.0,,yes,
F31,F31.1,foot,Wayei-Umbara,Wayei,Umbara,Wayei,Ombara,partial,both ends on the network but only linked the long way round (22.3 km for 10.3 km straight) - the direct track is not recorded,10.25,22.31,2.18,3.0,2.0,,,
F32,F32.1,foot,Niniri-Kawowoki,Niniri,Kawowoki,Niniuri,Kawowoki,partial,both ends on the network but only linked the long way round (15.3 km for 3.9 km straight) - the direct track is not recorded,3.86,15.34,3.97,145.0,3.0,,,
F33,F33.1,foot,Turatana-Bioi,Turatana,Bioi,Turatan,Bioi,recorded,routes in 3.8 km vs 1.9 km straight,1.87,3.83,2.05,0.0,3.0,,,Track from Turatan to Bioi village
F34,F34.1,foot,Umbuara-Kiara-Natanga,Umbuara,Kiara,Umbuara,Kiera,partial,both ends on the network but only linked the long way round (16.2 km for 3.3 km straight) - the direct track is not recorded,3.28,16.17,4.94,1.0,6.0,,,
F34,F34.2,foot,Umbuara-Kiara-Natanga,Kiara,Natanga,Kiera,Natanga,recorded,routes in 3.9 km vs 2.9 km straight,2.86,3.86,1.35,6.0,3.0,,,
F35,F35.1,foot,Haraja-Natganga,Haraja,Natganga,Haraja,Natanga,recorded,routes in 2.5 km vs 1.7 km straight,1.72,2.52,1.47,56.0,3.0,,,
F36,F36.1,foot,Sigara- Banderi,Sigara,Banderi,Sigara,Banderi,partial,both ends on the network but only linked the long way round (63.0 km for 8.8 km straight) - the direct track is not recorded,8.82,63.05,7.15,1.0,8.0,,,
F37,F37.1,foot,Ufia-Umuate-Aiari-Suari-Jaure,Ufia,Umuate,Ufia,Umuate,recorded,routes in 7.4 km vs 6.2 km straight,6.15,7.43,1.21,1.0,4.0,,,
F37,F37.2,foot,Ufia-Umuate-Aiari-Suari-Jaure,Umuate,Aiari,Umuate,Aiari,partial,"Umuate end is on the network, Aiari is 9.8 km off it",9.76,9.76,1.0,4.0,9761.0,,,
F37,F37.3,foot,Ufia-Umuate-Aiari-Suari-Jaure,Aiari,Suari,Aiari,Suari,missing,neither end on the network (9.8 km and 13.3 km off),5.16,23.1,4.48,9761.0,13339.0,,,
F37,F37.4,foot,Ufia-Umuate-Aiari-Suari-Jaure,Suari,Jaure,Suari,Jaure,missing,neither end on the network (13.3 km and 10.2 km off),10.52,23.51,2.23,13339.0,10163.0,,,
F38,F38.1,foot,Umuate-jaura,Umuate,Jaura,Umuate,Jaure,partial,"Umuate end is on the network, Jaure is 10.2 km off it",10.16,10.18,1.0,4.0,10163.0,,,
F39,F39.1,foot,Korowo-At Junction Basabe-Semahara,Korowo,Basabe junction,Koruwo,Basabe,recorded,routes in 12.7 km vs 8.6 km straight,8.65,12.7,1.47,53.0,11.0,,,
F39,F39.2,foot,Korowo-At Junction Basabe-Semahara,Basabe junction,Semahara,Basabe,Semehara,recorded,routes in 1.7 km vs 1.4 km straight,1.41,1.71,1.21,11.0,26.0,,,
F40,F40.1,foot,Simion's place- Niniri Village (Main),Simion's place,Niniri,Simion's place,Niniuri,recorded,routes in 0.6 km vs 0.3 km straight,0.29,0.6,2.1,96.0,145.0,,,
F41,F41.1,foot,Kawowoki – avaru,Kawowoki,Avaru,Kawowoki,Awaru,partial,both ends on the network but only linked the long way round (32.9 km for 3.1 km straight) - the direct track is not recorded,3.08,32.92,10.67,3.0,413.0,,,
F42,F42.1,foot,Gora-Asafa-Sairope,Gora,Asafa,Gora,Asafa,partial,"Gora end is on the network, Asafa is 15.2 km off it",15.18,15.18,1.0,0.0,15179.0,,,
F42,F42.2,foot,Gora-Asafa-Sairope,Asafa,Sairope,Asafa,Sairope,missing,neither end on the network (15.2 km and 22.6 km off),9.25,48.04,5.19,15179.0,22578.0,,,
F43,F43.1,foot,Gora-Gorobuna,Gora,Gorobuna,Gora,Gorobuna,partial,"Gora end is on the network, Gorobuna is 7.0 km off it",9.18,28.16,3.07,0.0,6998.0,,,
F44,F44.1,foot,Jaura-Vovosik-Kwikila,Jaura,Vovosik,Jaure,,unlocated,no position for Vovosik,,,,,,,,
F44,F44.2,foot,Jaura-Vovosik-Kwikila,Vovosik,Kwikila,,Kwikila,unlocated,no position for Vovosik,,,,,,,,
F45,F45.1,foot,Kuhene-Umbara,Kuhene,Umbara,Kuheani,Ombara,recorded,routes in 1.4 km vs 1.2 km straight,1.22,1.42,1.16,5.0,2.0,,,2026-06-29_15-34_Kawowoki_-_Kuhene_bush_treck_-_Marase_-_Ombara
F46,F46.1,foot,Yoivi-Marasi,Yoivi,Marasi,Yoivi,Marasi,recorded,routes in 3.1 km vs 2.4 km straight,2.4,3.1,1.29,0.0,2.0,,,
F47,F47.1,foot,Damara-Bua,Damara,Bua,,Bua,unlocated,no position for Damara,,,,,,,,
F48,F48.1,foot,Semahara-Kueno,Semahara,Kueno,Semehara,Koeno,recorded,routes in 13.4 km vs 8.9 km straight,8.9,13.42,1.51,26.0,102.0,,,
F49,F49.1,foot,Aiari-Water Crossing,Aiari,Water Crossing,Aiari,Aiari,missing,"Aiari and Aiari are the same point in our data (0 m apart), so there is no leg here - and that place is 9.8 km off anything recorded",0.0,19.52,19522.39,9761.0,9761.0,,,
F50,F50.1,foot,Bareji-Toma,Bareji,Toma,Bareji,Toma,recorded,routes in 10.8 km vs 7.5 km straight,7.51,10.76,1.43,7.0,399.0,,,
F51,F51.1,foot,Sila-Avararu,Sila,Avararu,Sila,Awaru,recorded,routes in 5.1 km vs 2.9 km straight,2.89,5.07,1.75,19.0,413.0,,,
F52,F52.1,foot,Afore-Tahama,Afore,Tahama,Afore,Semahara Tahama,recorded,routes in 4.4 km vs 2.3 km straight,2.34,4.43,1.89,26.0,3.0,,,
F53,F53.1,foot,Highway-Bioi,Highway,Bioi,nearest recorded road,Bioi,partial,both ends on the network but only linked the long way round (11.4 km for 1.5 km straight) - the direct track is not recorded,1.47,11.39,7.76,0.0,3.0,,,
F54,F54.1,foot,Kuhene-Highway,Kuhene,Highway,Kuheani,nearest recorded road,recorded,routes in 2.1 km vs 1.3 km straight,1.33,2.08,1.57,5.0,0.0,,,
F55,F55.1,foot,Koruo-Bodoimo-Umbuara-Anatua,Koruo,Bodoimo,Koruwo,Bodoimo,recorded,routes in 4.7 km vs 2.9 km straight,2.93,4.67,1.59,53.0,2.0,,,
F55,F55.2,foot,Koruo-Bodoimo-Umbuara-Anatua,Bodoimo,Umbuara,Bodoimo,Umbuara,recorded,routes in 2.0 km vs 1.6 km straight,1.57,1.97,1.25,2.0,1.0,,,
F55,F55.3,foot,Koruo-Bodoimo-Umbuara-Anatua,Umbuara,Anatua,Umbuara,Anatua,recorded,routes in 2.4 km vs 2.2 km straight,2.25,2.42,1.08,1.0,27.0,,,
F56,F56.1,foot,Anatua-Serepuna,Anatua,Serepuna,Anatua,Serefuna,recorded,routes in 3.2 km vs 1.9 km straight,1.92,3.18,1.66,27.0,1.0,,,
F57,F57.1,foot,Anatua-Kokoro,Anatua,Kokoro,Anatua,Kokoro,recorded,routes in 4.4 km vs 3.0 km straight,2.99,4.42,1.48,27.0,31.0,,,
F58,F58.1,foot,Umbuara-Singata,Umbuara,Singata,Umbuara,Singata,partial,"Umbuara end is on the network, Singata is 1.1 km off it",1.77,2.41,1.37,1.0,1068.0,,,
F59,F59.1,foot,Singata-Gorobuna-Asafa,Singata,Gorobuna,Singata,Gorobuna,missing,neither end on the network (1.1 km and 7.0 km off),10.2,31.03,3.04,1068.0,6998.0,,,
F59,F59.2,foot,Singata-Gorobuna-Asafa,Gorobuna,Asafa,Gorobuna,Asafa,missing,neither end on the network (7.0 km and 15.2 km off),13.42,43.34,3.23,6998.0,15179.0,,,
F60,F60.1,foot,Anatua-Tetebedi,Anatua,Tetebedi,Anatua,Tedebedi,partial,"Anatua end is on the network, Tedebedi is 21.0 km off it",21.59,22.64,1.05,27.0,21043.0,,,
F61,F61.1,foot,Semahara-Tabuane,Semahara,Tabuane,Semehara,Tabuane,recorded,routes in 11.6 km vs 8.5 km straight,8.48,11.58,1.37,26.0,16.0,,,Semahara to Tabuane track (seg 27)
F62,F62.1,foot,Singata-Gora,Singata,Gora,Singata,Gora,partial,"Gora end is on the network, Singata is 1.1 km off it",14.01,26.29,1.88,1068.0,0.0,,,
R01,R01.1,feeder road,Itokama -Ufia,Itokama,Ufia,Itokama,Ufia,recorded,routes in 1.9 km vs 1.8 km straight,1.78,1.87,1.05,20.0,1.0,,,
R02,R02.1,feeder road,Veriame-yoivi-Aguido,Veriame,Yoivi,Verayame,Yoivi,recorded,routes in 1.2 km vs 1.1 km straight,1.12,1.16,1.04,1.0,0.0,,,
R02,R02.2,feeder road,Veriame-yoivi-Aguido,Yoivi,Aguido,Yoivi,Aguido,recorded,routes in 0.4 km vs 0.2 km straight,0.23,0.39,1.69,0.0,74.0,,,"Track from Vereyame connect's Yoivi, Aguido Primary School and Kuheine"
R03,R03.1,feeder road,Road 3 – Dareki,Dareki,(the road itself),Dareki,,recorded,a recorded motorable road runs within 162 m of Dareki,,,,162.0,,,,
R04,R04.1,feeder road,Road 2-Old Cadamon factory,Old Cardamom factory,(the road itself),Old Cardamom factory,,missing,no recorded motorable road within 1.0 km of Old Cardamom factory - the road itself is not recorded,,,,986.0,,,,
R05,R05.1,feeder road,Road 1- Organ Village,Ogan,(the road itself),Ogan,,recorded,a recorded motorable road runs within 13 m of Ogan,,,,13.0,,,,
R06,R06.1,feeder road,Sila-Sakarina-Numba-Kaura-Avaru,Sila,Sakarina,Sila,Sakarina,recorded,"Sila and Sakarina are the same point in our data (0 m apart), so there is no leg here - that place is recorded",0.0,0.04,39.42,19.0,19.0,,,
R06,R06.2,feeder road,Sila-Sakarina-Numba-Kaura-Avaru,Sakarina,Numba,Sakarina,Numba,recorded,routes in 2.2 km vs 1.7 km straight,1.7,2.2,1.29,19.0,3.0,,,Sakarina – Numba – Kaura (seg 1)
R06,R06.3,feeder road,Sila-Sakarina-Numba-Kaura-Avaru,Numba,Kaura,Numba,Kaura,recorded,routes in 2.1 km vs 1.9 km straight,1.9,2.1,1.11,3.0,19.0,,,Cropping Calendar Survey Track to Kuhara
R06,R06.4,feeder road,Sila-Sakarina-Numba-Kaura-Avaru,Kaura,Avaru,Kaura,Awaru,partial,both ends on the network but only linked the long way round (6.0 km for 2.2 km straight) - the direct track is not recorded,2.22,6.02,2.71,19.0,413.0,,,
R07,R07.1,feeder road,Ugunomo-Siribu,Ugunomo,Siribu,Ugunomu,Siribu,partial,both ends on the network but only linked the long way round (9.0 km for 3.1 km straight) - the direct track is not recorded,3.11,8.99,2.89,49.0,13.0,,,
R08,R08.1,feeder road,Jorura-Natanga,Jorura,Natanga,Jorua,Natanga,recorded,routes in 3.1 km vs 2.4 km straight,2.39,3.08,1.29,60.0,3.0,,,
R09,R09.1,feeder road,Umbuara-Anatua,Umbuara,Anatua,Umbuara,Anatua,recorded,routes in 2.4 km vs 2.2 km straight,2.25,2.42,1.08,1.0,27.0,,,
R10,R10.1,feeder road,Itokama-Kuai,Itokama,Kuai,Itokama,Kwae,recorded,routes in 1.5 km vs 0.8 km straight,0.78,1.47,1.89,20.0,451.0,,,
R11,R11.1,feeder road,Itokama-Aniafe,Itokama,Aniafe,Itokama,Aniafe,recorded,routes in 1.0 km vs 0.8 km straight,0.79,1.0,1.27,20.0,1.0,,,
R12,R12.1,feeder road,Highway-Kawowoki (Mr. Womo),Highway,Kawowoki,nearest recorded road,Kawowoki,partial,both ends on the network but only linked the long way round (24.2 km for 0.5 km straight) - the direct track is not recorded,0.47,24.24,51.88,0.0,3.0,,,
R13,R13.1,feeder road,Koeno feeder road,Koeno,Highway,Koeno,nearest recorded road,recorded,"Koeno and nearest recorded road are the same point in our data (102 m apart), so there is no leg here - that place is recorded",0.1,0.13,1.25,102.0,0.0,,,
R14,R14.1,feeder road,Afore-Korokoro Village,Afore,Korokoro,Afore,Korokoro,partial,both ends on the network but only linked the long way round (2.2 km for 0.5 km straight) - the direct track is not recorded,0.48,2.2,4.58,26.0,40.0,,,
R15,R15.1,feeder road,Afore- Bareji River (Disputed),Afore,Bareji River,Afore,Bareji,recorded,routes in 0.4 km vs 0.3 km straight,0.29,0.36,1.25,26.0,7.0,,,
R16,R16.1,feeder road,Yoivi-Kuhene-Umbara,Yoivi,Kuhene,Yoivi,Kuheani,recorded,routes in 0.9 km vs 0.8 km straight,0.78,0.89,1.13,0.0,5.0,,,
R16,R16.2,feeder road,Yoivi-Kuhene-Umbara,Kuhene,Umbara,Kuheani,Ombara,recorded,routes in 1.4 km vs 1.2 km straight,1.22,1.42,1.16,5.0,2.0,,,2026-06-29_15-34_Kawowoki_-_Kuhene_bush_treck_-_Marase_-_Ombara
H01,H01.1,national highway,Orobay-Itokama,Orobay,Itokama,Oro Bay,Itokama,partial,"Itokama end is on the network, Oro Bay is 0.6 km off it",41.79,81.56,1.95,562.0,20.0,,yes,
H02,H02.1,national highway,Bareji junction-Peroroda,Bareji junction,Peroroda,Bareji,Peroroda,partial,"Bareji end is on the network, Peroroda is 6.1 km off it",20.68,35.01,1.69,7.0,6062.0,,,
