# Positions in our own reference data that the team has marked wrong, found by
# their reading the locked reference folders of unlocated_places.kml on 4 Oct
# 2026. Filtered out by load_places(), so nothing downstream uses them.
#
# These were not findable from the geometry. Suari's bad coordinate is why
# "Suari-Jaure" came out as a 73 m leg with nothing to walk - two villages were
# sitting on one point.
source,name,reason
gazetteer,Suari,"'This was WRONG' - the gazetteer puts Suari 73 m from Jaure, which is why F37 produced a leg with no length. A real position is needed"
GPS-inferred,Ondoro,"'This is WRONG. Ondoro is roadside' - the inferred cluster at 148.4677 is not it"
GPS-inferred,Vouka,"'But NO VILLAGE HERE' - both inferred Vouka clusters are rejected"
